{"1-log-token_based": {"perc_fit_traces": 0.0, "average_trace_fitness": 0.8405885080876303, "log_fitness": 0.840367308581814}, "1-log-alignment_based": {"percFitTraces": 0.0, "averageFitness": 0.6111864100478773}, "2-log_alfons_small-token_based": {"perc_fit_traces": 0.0, "average_trace_fitness": 0.5857328063084222, "log_fitness": 0.6294142980189492}, "2-log_alfons_small-alignment_based": {"percFitTraces": 0.0, "averageFitness": 0.39130434782608703}, "3-log_alfons_italian_small-token_based": {"perc_fit_traces": 0.0, "average_trace_fitness": 0.7265064029967282, "log_fitness": 0.7255211762124205}, "3-log_alfons_italian_small-alignment_based": {"percFitTraces": 0.0, "averageFitness": 0.4771428571428569}}