{
    "1-log-token_based": {
        "perc_fit_traces": 84.25047438330171,
        "average_trace_fitness": 0.9859665950747535,
        "log_fitness": 0.9862688512381307
    },
    "1-log-alignment_based": {
        "percFitTraces": 78.49462365591398,
        "averageFitness": 0.9734345351043643
    },
    "2-log_alfons_small-token_based": {
        "perc_fit_traces": 0.0,
        "average_trace_fitness": 0.6188949938949938,
        "log_fitness": 0.6799999999999999
    },
    "2-log_alfons_small-alignment_based": {
        "percFitTraces": 0.0,
        "averageFitness": 0.5027173913043478
    },
    "3-log_alfons_italian_small-token_based": {
        "perc_fit_traces": 10.0,
        "average_trace_fitness": 0.8526678876678874,
        "log_fitness": 0.8562874251497006
    },
    "3-log_alfons_italian_small-alignment_based": {
        "percFitTraces": 0.0,
        "averageFitness": 0.7725
    }
}